label	tier	source	id	role	species	strain	taxid	assembly	locus_prefix	reviewed_only	expected_n	why
kpneumoniae__hs11286__UP000007841	A	uniprot	UP000007841	anchor	Klebsiella pneumoniae	HS11286	1125630	GCA_000240185.2	KPHS_	no	5728	The anchor. Only Kp proteome UniProt flags Reference and representative; 5316 chromosomal + 412 plasmid. Every axis derives from it.
ecoli__k12_mg1655__UP000000625	A	uniprot	UP000000625	anchor	Escherichia coli	K-12 MG1655	83333	GCA_000005845.2	b	no	4403	Second anchor and the curation hub: 100% Swiss-Prot reviewed, 100% gene-named, so it is the transfer donor and the naming control.
saureus__nctc8325__UP000008816	A	uniprot	UP000008816	anchor	Staphylococcus aureus	NCTC 8325	93061	GCA_000013425.1	SAOUHSC_	no	2889	Third anchor. The organism the ClpP-activator proteomics (Conlon 2013 ADEP4, Jacques 2020 ONC212) is native to, and the only one of the three with ClpC/McsB. Reference proteome with the deepest annotation.
human__reference__UP000005640	A	uniprot	UP000005640	host	Homo sapiens		9606		-	yes	20416	Selectivity / off-target axis. MUST be reviewed:true - the unfiltered set is 147506 TrEMBL-bloated entries.
kpneumoniae__species_named__573	B	uniprot_species	573	name_donor	Klebsiella pneumoniae	all strains	573		-	no	26956	Name donor pool (query: gene:*). Returns 26956 entries with ANY gene field; 15395 of them carry a PRIMARY name over 11973 distinct sequences - those are the actual donors. The anchor is named for only 18.4% of proteins; exact-sequence match lifts it to 39.4%, UniRef90 clustering further.
ecoli__species_named__562	B	uniprot_species	562	name_donor	Escherichia coli	all strains	562		-	no	65479	Name donor pool (query: gene:*). Ec is already 100% named, so this pool is the CONTROL: enrichment must add zero names for E. coli. If it adds any, the donor join is wrong.
saureus__species_named__1280	B	uniprot_species	1280	name_donor	Staphylococcus aureus	all strains	1280		-	no	17562	Name donor pool (query: gene:*). Returns 17562 entries with ANY gene field; 12318 carry a PRIMARY name over 5599 distinct sequences. Anchor is 28.2% named; exact match takes it to 39.2%, UniRef90 to 44.1% (measured).
kpneumoniae__mgh78578__UP000000265	C	uniprot	UP000000265	comparator	Klebsiella pneumoniae	MGH 78578 / ATCC 700721	272620	GCA_000016305.1	KPN_	no	5126	Orthology panel, klebsiella close tier. The historical Kp reference; holds most of the species Swiss-Prot entries. Also the iYL1228 FBA model gene space.
kvariicola__reference__UP000031638	C	uniprot	UP000031638	comparator	Klebsiella variicola		244366		-	no	4992	Orthology panel, klebsiella close tier. Within-genus conservation.
koxytoca__reference__UP000673434	C	uniprot	UP000673434	comparator	Klebsiella oxytoca		571		-	no	6625	Orthology panel, klebsiella close tier.
kaerogenes__reference__UP000008881	C	uniprot	UP000008881	comparator	Klebsiella aerogenes	ATCC 13048	548		-	no	4909	Orthology panel, klebsiella close tier.
kquasipneumoniae__reference__UP000245760	C	uniprot	UP000245760	comparator	Klebsiella quasipneumoniae		1463165		-	no	5863	Orthology panel, klebsiella close tier.
shigella_flexneri__reference__UP000001006	C	uniprot	UP000001006	comparator	Shigella flexneri		623		-	no	4103	Orthology panel, escherichia close tier. Shigella is genomically E. coli.
shigella_sonnei__reference__UP000002529	C	uniprot	UP000002529	comparator	Shigella sonnei	Ss046	624		-	no	4068	Orthology panel, escherichia close tier.
ecoli_fergusonii__reference__UP000000745	C	uniprot	UP000000745	comparator	Escherichia fergusonii	ATCC 35469	564		-	no	4309	Orthology panel, escherichia close tier.
ecoli_albertii__reference__UP000240382	C	uniprot	UP000240382	comparator	Escherichia albertii		208962		-	no	4798	Orthology panel, escherichia close tier.
paeruginosa__pao1__UP000002438	C	uniprot	UP000002438	comparator	Pseudomonas aeruginosa	PAO1 / ATCC 15692	208964	GCA_000006765.1	-	no	5563	Orthology panel, gram-negative tier. ESKAPE broad-spectrum denominator.
abaumannii__reference__UP000032746	C	uniprot	UP000032746	comparator	Acinetobacter baumannii		470		-	no	3839	Orthology panel, gram-negative tier. In the consortium strain panel; Gram-negative and therefore ClpC-less, so the handle analysis transfers unchanged.
senterica_typhimurium__lt2__UP000001014	C	uniprot	UP000001014	comparator	Salmonella typhimurium	LT2	99287	GCA_000006945.2	-	no	4533	Orthology panel, gram-negative tier. Also the genus behind 6 of the 12 TraDIS compendium genomes.
enterobacter_hormaechei__reference__UP001176169	C	uniprot	UP001176169	comparator	Enterobacter hormaechei		158836		-	no	5237	Orthology panel, gram-negative tier.
serratia_marcescens__reference__UP000247823	C	uniprot	UP000247823	comparator	Serratia marcescens		615		-	no	5699	Orthology panel, gram-negative tier.
proteus_mirabilis__hi4320__UP000008319	C	uniprot	UP000008319	comparator	Proteus mirabilis	HI4320	584		-	no	3661	Orthology panel, gram-negative tier.
haemophilus_influenzae__reference__UP000000579	C	uniprot	UP000000579	comparator	Haemophilus influenzae	ATCC 51907	71421		-	no	1703	Orthology panel, gram-negative tier.
vibrio_cholerae__reference__UP000000584	C	uniprot	UP000000584	comparator	Vibrio cholerae	ATCC 39315 / El Tor N16961	666		-	no	3781	Orthology panel, gram-negative tier.
neisseria_gonorrhoeae__reference__UP000002564	C	uniprot	UP000002564	comparator	Neisseria gonorrhoeae	NCCP11945	485		-	no	2595	Orthology panel, gram-negative tier.
bsubtilis__168__UP000001570	C	uniprot	UP000001570	comparator	Bacillus subtilis	168	224308	GCA_000009045.1	-	no	4288	Orthology panel, bacteria tier. POSITIVE CONTROL for the ClpC/McsB census - it has ClpC (810 aa) and ClpE and carries IPR001943, which the Enterobacteriaceae do not.
mtuberculosis__h37rv__UP000001584	C	uniprot	UP000001584	comparator	Mycobacterium tuberculosis	H37Rv / ATCC 25618	83332	GCA_000195955.2	-	no	3997	Orthology panel, bacteria tier. Positive control for Hsp100/ClpC (ClpC1 = P9WPC9); the organism every published ClpC1-based BacPROTAC was developed in.
caulobacter_vibrioides__na1000__UP000001364	C	uniprot	UP000001364	comparator	Caulobacter vibrioides	NA1000 / CB15N	565050	GCA_000022005.1	-	no	3859	Orthology panel, bacteria tier. The Bhat 2013 ClpP trap organism (dataset itself never obtained - PMC not open access).
spneumoniae__reference__UP000000585	C	uniprot	UP000000585	comparator	Streptococcus pneumoniae	serotype 4 / ATCC BAA-334	1313		-	no	2109	Orthology panel, bacteria tier.
efaecium__reference__UP000005269	C	uniprot	UP000005269	comparator	Enterococcus faecium	ATCC BAA-472 / TX0016 / DO	1352		-	no	3059	Orthology panel, bacteria tier. ESKAPE.
lmonocytogenes__reference__UP000000817	C	uniprot	UP000000817	comparator	Listeria monocytogenes	serovar 1/2a / ATCC BAA-679	1639		-	no	2844	Orthology panel, bacteria tier.
cdifficile__reference__UP001510562	C	uniprot	UP001510562	comparator	Clostridioides difficile	ATCC 9689 / DSM 1296	1496		-	no	3846	Orthology panel, bacteria tier.
hpylori__reference__UP000000429	C	uniprot	UP000000429	comparator	Helicobacter pylori	ATCC 700392 / 26695	85962		-	no	1554	Orthology panel, bacteria tier.
kpneumoniae__ecl8__GCF_000315385.1	D	ncbi	GCF_000315385.1	bridge	Klebsiella pneumoniae	ECL8	1226680	GCF_000315385.1	BN373_RS	no	5229	Eichelberger/Short 2024 eLife 88971 TraDIS (in-vitro essential + urine + serum). UniProt serves ZERO entries for ECL8. Its GFF old_locus_tag carries BOTH BN373_00001 and KPNEcl8_00001, which should retire the gradi-prokka re-annotation env.
kpneumoniae__kpnih1__GCF_000281535.2	D	ncbi	GCF_000281535.2	bridge	Klebsiella pneumoniae	KPNIH1 / MKP103	1087440	GCF_000281535.2		no	5550	Ramage 2017 J Bacteriol Tn-seq, the 424-gene essential set. UniProt serves zero entries.
kpneumoniae__kppr1__GCF_000742755.1	D	ncbi	GCF_000742755.1	bridge	Klebsiella pneumoniae	KPPR1 / ATCC 43816	72407	GCF_000742755.1	VK055_	no	4983	Bachman 2015/2025 and Mike & Bachman 2023 in-vivo Tn-seq (lung, blood, spleen, liver); Jana 2023 in-vivo CRISPRi used KPPR1S. UniProt serves zero entries.
kpneumoniae__mgh78578__GCF_000016305.1	D	ncbi	GCF_000016305.1	bridge	Klebsiella pneumoniae	MGH 78578	272620	GCF_000016305.1	KPN_	no	5321	The KPN_ locus space of the iYL1228 FBA model and the Jana 2023 870-gene Mobile-CRISPRi library. Note the UniProt proteome UP000000265 also exists (tier C) - this row is for the RefSeq locus tags.
kpneumoniae__njst258_1__GCF_000598005.1	D	ncbi	GCF_000598005.1	bridge	Klebsiella pneumoniae	30660 / NJST258_1	1420012	GCF_000598005.1		no	5259	Cain 2017 Sci Rep secondary-resistome Tn-seq under colistin/imipenem/ciprofloxacin. Never fetched in v1; the TraDIS compendium lacks NJST258.
ecoli__bw25113__GCF_000750555.1	D	ncbi	GCF_000750555.1	bridge	Escherichia coli	K-12 BW25113	679895	GCF_000750555.1		no	4217	The Keio parent: Keio KO, RB-TnSeq, and most CRISPRi screens. LOW PRIORITY - these datasets key on b-numbers/JW ids which map exactly onto MG1655, so the bridge may be unnecessary.
saureus__col__GCA_000012045.1	D	ncbi	GCA_000012045.1	bridge	Staphylococcus aureus	COL	93062	GCA_000012045.1	SACOL	no	2711	Conlon 2013 ADEP4 and Jacques 2020 ONC212 activator proteomics, both keyed on SACOL locus tags. MUST be the GenBank assembly: RefSeq GCF_000012045.1 re-tagged everything SACOL_RS##### and retains only 60 original SACOL tags, while GenBank retains 2711.
saureus__mu50__GCF_000009665.1	D	ncbi	GCF_000009665.1	bridge	Staphylococcus aureus	Mu50 / ATCC 700699	158878	GCF_000009665.1		no	2748	Jacques 2020 Table S3 carries a Mu50_homolog column alongside COL_homolog; this resolves it. UniProt has demoted the Mu50 proteome.
